res_name,common_name,source,license,artist,url
crop_tomato_cherry,Tomato (cherry),File:Cherry tomatos.jpg,Public domain,Jon Sullivan,https://upload.wikimedia.org/wikipedia/commons/3/37/Cherry_tomatos.jpg
crop_tomato_beefsteak,Tomato (beefsteak),File:H.W. Buckbee seed and plant guide - 1905 (1905) (14596453359).jpg,No restrictions,"H.W. Buckbee (Firm);
H.W. Buckbee (Firm);

Henry G. Gilbert Nursery and Seed Trade Catalog Collection",https://upload.wikimedia.org/wikipedia/commons/8/86/H.W._Buckbee_seed_and_plant_guide_-_1905_%281905%29_%2814596453359%29.jpg
crop_capsicum,Capsicum,File:Red bell pepper.jpg,CC BY-SA 4.0,AntanO,https://upload.wikimedia.org/wikipedia/commons/5/5c/Red_bell_pepper.jpg
crop_chilli,Chilli,File:Photo of closeup of Edayur Chilli plant in a farm.jpg,CC0,Sanalkumar Nv,https://upload.wikimedia.org/wikipedia/commons/7/76/Photo_of_closeup_of_Edayur_Chilli_plant_in_a_farm.jpg
crop_eggplant,Eggplant,"File:Eggplant or aubergine, a plant species usually used as a vegetable in cooking 03.jpg",CC BY-SA 4.0,Zahara5555,https://upload.wikimedia.org/wikipedia/commons/9/9d/Eggplant_or_aubergine%2C_a_plant_species_usually_used_as_a_vegetable_in_cooking_03.jpg
crop_tomatillo,Tomatillo,File:Nyplanting i gråsteinsmuren i Grythengen.jpg,CC BY-SA 4.0,Øyvind Holmstad,https://upload.wikimedia.org/wikipedia/commons/c/ca/Nyplanting_i_gr%C3%A5steinsmuren_i_Grythengen.jpg
crop_pepino,Pepino,File:Ryerson Market cucumbers on sale.jpg,CC BY-SA 3.0,Jason Zhang,https://upload.wikimedia.org/wikipedia/commons/9/93/Ryerson_Market_cucumbers_on_sale.jpg
crop_okra,Okra,File:Okra Plant 01.jpg,CC BY-SA 4.0,Amuzujoe,https://upload.wikimedia.org/wikipedia/commons/d/d2/Okra_Plant_01.jpg
crop_cucumber,Cucumber,File:Vegetables freshly harvested CNE 01.jpg,CC BY-SA 4.0,CNEcija12345,https://upload.wikimedia.org/wikipedia/commons/0/0e/Vegetables_freshly_harvested_CNE_01.jpg
crop_gherkin,Gherkin,"File:1900 catalogue of Plant Seed Company - reliable vegetable, farm, and flower seeds (1900) (20371668768).jpg",No restrictions,"Plant Seed Company;

Henry G. Gilbert Nursery and Seed Trade Catalog Collection",https://upload.wikimedia.org/wikipedia/commons/9/9b/1900_catalogue_of_Plant_Seed_Company_-_reliable_vegetable%2C_farm%2C_and_flower_seeds_%281900%29_%2820371668768%29.jpg
crop_zucchini,Zucchini,"File:Calabacín, Múnich, Alemania, 2013-03-30, DD 01.JPG",CC BY-SA 3.0,Diego Delso,https://upload.wikimedia.org/wikipedia/commons/9/9d/Calabac%C3%ADn%2C_M%C3%BAnich%2C_Alemania%2C_2013-03-30%2C_DD_01.JPG
crop_butternut,Butternut,File:A butternut plant.jpg,CC BY-SA 4.0,Mothusi Sekhomba,https://upload.wikimedia.org/wikipedia/commons/6/63/A_butternut_plant.jpg
crop_spaghetti_squash,Spaghetti squash,File:Starr 070730-7822 Cucurbita pepo.jpg,CC BY 3.0,Forest &amp; Kim Starr,https://upload.wikimedia.org/wikipedia/commons/1/1e/Starr_070730-7822_Cucurbita_pepo.jpg
crop_marrow,Marrow,"File:Calabacín, Múnich, Alemania, 2013-03-30, DD 01.JPG",CC BY-SA 3.0,Diego Delso,https://upload.wikimedia.org/wikipedia/commons/9/9d/Calabac%C3%ADn%2C_M%C3%BAnich%2C_Alemania%2C_2013-03-30%2C_DD_01.JPG
crop_luffa,Luffa,File:Luffa acutangula-2-surakkapatty-yercaud-salem-India.jpg,CC BY-SA 4.0,Yercaud-elango,https://upload.wikimedia.org/wikipedia/commons/c/cf/Luffa_acutangula-2-surakkapatty-yercaud-salem-India.jpg
crop_mint,Mint,File:Mint tree.jpg,CC BY-SA 4.0,Aishamed2021,https://upload.wikimedia.org/wikipedia/commons/8/88/Mint_tree.jpg
crop_oregano,Oregano,File:Foods vegetables fishes Bulacan 22.jpg,CC BY-SA 4.0,RamaGaspar,https://upload.wikimedia.org/wikipedia/commons/8/86/Foods_vegetables_fishes_Bulacan_22.jpg
crop_thyme,Thyme,"File:The romance of plant life, interesting descriptions of the strange and curious in the plant world (1907) (14782757905).jpg",No restrictions,"Elliot, George Francis Scott",https://upload.wikimedia.org/wikipedia/commons/1/17/The_romance_of_plant_life%2C_interesting_descriptions_of_the_strange_and_curious_in_the_plant_world_%281907%29_%2814782757905%29.jpg
crop_sage,Sage,"File:1900 catalogue of Plant Seed Company - reliable vegetable, farm, and flower seeds (1900) (20371668768).jpg",No restrictions,"Plant Seed Company;

Henry G. Gilbert Nursery and Seed Trade Catalog Collection",https://upload.wikimedia.org/wikipedia/commons/9/9b/1900_catalogue_of_Plant_Seed_Company_-_reliable_vegetable%2C_farm%2C_and_flower_seeds_%281900%29_%2820371668768%29.jpg
crop_chervil,Chervil,"File:High grade vegetable and flower and seeds - bulbs, plants and implements (1902) (20380801719).jpg",No restrictions,"Stumpp &amp; Walter Co. (New York, N.Y.);

Henry G. Gilbert Nursery and Seed Trade Catalog Collection",https://upload.wikimedia.org/wikipedia/commons/9/97/High_grade_vegetable_and_flower_and_seeds_-_bulbs%2C_plants_and_implements_%281902%29_%2820380801719%29.jpg
crop_shiso,Shiso,"File:Descriptive catalogue of vegetable, flower, and farm seeds - bulbs, roots, plants, tools (1894) (20691284209).jpg",No restrictions,Internet Archive Book Images,https://upload.wikimedia.org/wikipedia/commons/5/50/Descriptive_catalogue_of_vegetable%2C_flower%2C_and_farm_seeds_-_bulbs%2C_roots%2C_plants%2C_tools_%281894%29_%2820691284209%29.jpg
crop_cos,Cos,File:ISS-40 Steve Swanson harvests a crop of red romaine lettuce plants.jpg,Public domain,NASA,https://upload.wikimedia.org/wikipedia/commons/d/d8/ISS-40_Steve_Swanson_harvests_a_crop_of_red_romaine_lettuce_plants.jpg
crop_spinach,Spinach,File:Spinach farming in Cameroon (Water leave gardening) 01.jpg,CC BY-SA 4.0,Adesolive,https://upload.wikimedia.org/wikipedia/commons/0/05/Spinach_farming_in_Cameroon_%28Water_leave_gardening%29_01.jpg
crop_endive,Endive,File:Endive-salad-vegetables-d00a1b.jpg,CC0,Unknown authorUnknown author,https://upload.wikimedia.org/wikipedia/commons/2/2a/Endive-salad-vegetables-d00a1b.jpg
crop_amaranth,Amaranth,File:20210222-PJK-FPAC-02285 TONED.jpg,Public domain,USDAgov,https://upload.wikimedia.org/wikipedia/commons/4/41/20210222-PJK-FPAC-02285_TONED.jpg
crop_broccoli,Broccoli,File:Romanesco broccoli 2025 G3.jpg,CC BY 4.0,George Chernilevsky,https://upload.wikimedia.org/wikipedia/commons/b/b5/Romanesco_broccoli_2025_G3.jpg
crop_broccolini,Broccolini,File:Broccolini.jpg,CC BY 1.0,User Agriffin on en.wikipedia,https://upload.wikimedia.org/wikipedia/commons/6/6b/Broccolini.jpg
crop_cauliflower,Cauliflower,File:Starr 080103-1275 Brassica oleracea var. botrytis.jpg,CC BY 3.0,Forest &amp; Kim Starr,https://upload.wikimedia.org/wikipedia/commons/2/28/Starr_080103-1275_Brassica_oleracea_var._botrytis.jpg
crop_cabbage,Cabbage,"File:Mid-summer catalogue - 1896, for summer planting, pot grown strawberry plants, cabbage and cauliflower plants, celery and other vegetable plants, for summer sowing, vegetable seeds, turnips, ruta (14740975156).jpg",No restrictions,Internet Archive Book Images,https://upload.wikimedia.org/wikipedia/commons/5/5c/Mid-summer_catalogue_-_1896%2C_for_summer_planting%2C_pot_grown_strawberry_plants%2C_cabbage_and_cauliflower_plants%2C_celery_and_other_vegetable_plants%2C_for_summer_sowing%2C_vegetable_seeds%2C_turnips%2C_ruta_%2814740975156%29.jpg
crop_bok_choy,Bok choy,File:Young Bok Choy in garden.jpg,CC BY-SA 4.0,Geo Lightspeed7,https://upload.wikimedia.org/wikipedia/commons/a/ab/Young_Bok_Choy_in_garden.jpg
crop_choi_sum,Choi sum,File:Childs' fall bulbs that bloom plants that please berries that bear (1921) (20579440256).jpg,No restrictions,"John Lewis Childs (Firm);

Henry G. Gilbert Nursery and Seed Trade Catalog Collection",https://upload.wikimedia.org/wikipedia/commons/e/e4/Childs%27_fall_bulbs_that_bloom_plants_that_please_berries_that_bear_%281921%29_%2820579440256%29.jpg
crop_mizuna,Mizuna,File:ISS-61 Jessica Meir waters Mizuna mustard greens.jpg,Public domain,NASA,https://upload.wikimedia.org/wikipedia/commons/f/f1/ISS-61_Jessica_Meir_waters_Mizuna_mustard_greens.jpg
crop_mustard_greens,Mustard greens,File:ISS-61 Mizuna mustard greens are growing aboard the ISS (1).jpg,Public domain,NASA,https://upload.wikimedia.org/wikipedia/commons/b/b2/ISS-61_Mizuna_mustard_greens_are_growing_aboard_the_ISS_%281%29.jpg
crop_kohlrabi,Kohlrabi,"File:1900 catalogue of Plant Seed Company - reliable vegetable, farm, and flower seeds (1900) (20371668768).jpg",No restrictions,"Plant Seed Company;

Henry G. Gilbert Nursery and Seed Trade Catalog Collection",https://upload.wikimedia.org/wikipedia/commons/9/9b/1900_catalogue_of_Plant_Seed_Company_-_reliable_vegetable%2C_farm%2C_and_flower_seeds_%281900%29_%2820371668768%29.jpg
crop_brussels_sprouts,Brussels sprouts,File:Spruitjes.jpg,CC BY-SA 3.0,Rasbak,https://upload.wikimedia.org/wikipedia/commons/c/c4/Spruitjes.jpg
crop_turnip,Turnip,File:Turnip 2622027.jpg,CC BY 2.0,thebittenword.com,https://upload.wikimedia.org/wikipedia/commons/d/d3/Turnip_2622027.jpg
crop_swede,Swede,File:Turnip 2622027.jpg,CC BY 2.0,thebittenword.com,https://upload.wikimedia.org/wikipedia/commons/d/d3/Turnip_2622027.jpg
crop_daikon,Daikon,File:Daikon radish with plant growing in the background LCCN2009630031.jpg,Public domain,"Japanese fine prints, pre-1915",https://upload.wikimedia.org/wikipedia/commons/7/7b/Daikon_radish_with_plant_growing_in_the_background_LCCN2009630031.jpg
crop_radish,Radish,File:Radish 3371103037 4ab07db0bf o.jpg,CC BY-SA 3.0,"Self, en:User:Jengod",https://upload.wikimedia.org/wikipedia/commons/0/0c/Radish_3371103037_4ab07db0bf_o.jpg
crop_carrot,Carrot,File:Carrots of many colors.jpg,Public domain,Stephen Ausmus,https://upload.wikimedia.org/wikipedia/commons/3/32/Carrots_of_many_colors.jpg
crop_beetroot,Beetroot,File:Beetroots in a basket.jpg,CC BY-SA 4.0,W.carter,https://upload.wikimedia.org/wikipedia/commons/5/52/Beetroots_in_a_basket.jpg
crop_parsnip,Parsnip,File:Pastinaca sativa vallee-de-grace-amiens 80 21072007 4.jpg,CC BY-SA 3.0,Olivier Pichard,https://upload.wikimedia.org/wikipedia/commons/9/92/Pastinaca_sativa_vallee-de-grace-amiens_80_21072007_4.jpg
crop_celeriac,Celeriac,File:Céleri-rave-fendu.jpg,CC BY-SA 3.0,DocteurCosmos,https://upload.wikimedia.org/wikipedia/commons/e/ec/C%C3%A9leri-rave-fendu.jpg
crop_potato,Potato,"File:Forage plants and grasses, vegetable and flower seeds - plants, bulbs and seed potatoes (1898) (20383224280).jpg",No restrictions,Internet Archive Book Images,https://upload.wikimedia.org/wikipedia/commons/a/ab/Forage_plants_and_grasses%2C_vegetable_and_flower_seeds_-_plants%2C_bulbs_and_seed_potatoes_%281898%29_%2820383224280%29.jpg
crop_jerusalem_artichoke,Jerusalem artichoke,File:Sunroot top.jpg,CC BY-SA 3.0,Unknown,https://upload.wikimedia.org/wikipedia/commons/a/ae/Sunroot_top.jpg
crop_onion,Onion,File:Fleur de poireau de près.jpg,CC BY-SA 4.0,WikiLucas00,https://upload.wikimedia.org/wikipedia/commons/9/97/Fleur_de_poireau_de_pr%C3%A8s.jpg
crop_spring_onion,Spring onion,File:Spring onion plants grown on a piece of land.jpg,CC BY-SA 4.0,David Nii Quaye,https://upload.wikimedia.org/wikipedia/commons/3/3c/Spring_onion_plants_grown_on_a_piece_of_land.jpg
crop_leek,Leek,File:Fleur de poireau de près.jpg,CC BY-SA 4.0,WikiLucas00,https://upload.wikimedia.org/wikipedia/commons/9/97/Fleur_de_poireau_de_pr%C3%A8s.jpg
crop_shallot,Shallot,"File:Forage plants and grasses, vegetable and flower seeds - plants, bulbs and seed potatoes (1898) (20383100858).jpg",No restrictions,"Drew, Oliver H;
Oliver H. Drew (Firm);

Henry G. Gilbert Nursery and Seed Trade Catalog Collection",https://upload.wikimedia.org/wikipedia/commons/7/7d/Forage_plants_and_grasses%2C_vegetable_and_flower_seeds_-_plants%2C_bulbs_and_seed_potatoes_%281898%29_%2820383100858%29.jpg
crop_garlic,Garlic,File:Garlic plant allium sativum.jpg,Public domain,Paolo Neo,https://upload.wikimedia.org/wikipedia/commons/6/63/Garlic_plant_allium_sativum.jpg
crop_pea_dwarf,Pea (dwarf),File:Catalogue of vegetable and flower seeds and bulbs for spring planting 1894 (1894) (20576146772).jpg,No restrictions,"Pitcher &amp; Manda;
Pitcher, James R;
Manda, W. A;
United States Nurseries;

Henry G. Gilbert Nursery and Seed Trade Catalog Collection",https://upload.wikimedia.org/wikipedia/commons/2/28/Catalogue_of_vegetable_and_flower_seeds_and_bulbs_for_spring_planting_1894_%281894%29_%2820576146772%29.jpg
crop_snow_pea,Snow pea,File:Snow Pea on Plant.JPG,CC BY-SA 3.0,JS,https://upload.wikimedia.org/wikipedia/commons/b/b7/Snow_Pea_on_Plant.JPG
crop_broad_bean,Broad bean,"File:-2020-10-27 Young Broad bean plant (Vicia faba), Trimingham (1).JPG",CC BY-SA 4.0,"



Kolforn (Kolforn)
I'd appreciate if you could mail me (Kolforn@gmail.com) if you want to use this picture out of the Wikimedia project scope.



 This file is licensed under the Creative Commons Attribution-Share Alike 4.0 International license.
You are free:
to share – to copy, distribute and transmit the work
to remix – to adapt the work
Under the following conditions:
attribution – You must give appropriate credit, provide a link to the license, and indicate if changes were made. You may do so in any reasonable manner, but not in any way that suggests the licensor endorses you or your use.
share alike – If you remix, transform, or build upon the material, you must distribute your contributions under the same or compatible license as the original.https://creativecommons.org/licenses/by-sa/4.0CC BY-SA 4.0 Creative Commons Attribution-Share Alike 4.0 truetrue",https://upload.wikimedia.org/wikipedia/commons/1/1a/-2020-10-27_Young_Broad_bean_plant_%28Vicia_faba%29%2C_Trimingham_%281%29.JPG
crop_climbing_bean,Climbing bean,File:Hyacinth Bean Plant.jpg,CC BY-SA 4.0,Nabunje Leticia,https://upload.wikimedia.org/wikipedia/commons/3/3c/Hyacinth_Bean_Plant.jpg
crop_runner_bean,Runner bean,File:Runner bean border Easton Lodge Gardens walled garden Little Easton Essex England 01.jpg,CC BY-SA 4.0,Acabashi,https://upload.wikimedia.org/wikipedia/commons/2/21/Runner_bean_border_Easton_Lodge_Gardens_walled_garden_Little_Easton_Essex_England_01.jpg
crop_celery,Celery,"File:2023-06-22 Apium graveolens (Wild Celery), Elswick, Northumberland 4.jpg",CC BY-SA 4.0,MPF,https://upload.wikimedia.org/wikipedia/commons/e/e0/2023-06-22_Apium_graveolens_%28Wild_Celery%29%2C_Elswick%2C_Northumberland_4.jpg
crop_florence_fennel,Florence fennel,"File:Knollenfenchel (Foeniculum vulgare var. azoricum) mit Disteln, Josef Schlaghecken.jpg",CC BY-SA 4.0,Schlaghecken Josef,https://upload.wikimedia.org/wikipedia/commons/4/4d/Knollenfenchel_%28Foeniculum_vulgare_var._azoricum%29_mit_Disteln%2C_Josef_Schlaghecken.jpg
crop_rhubarb,Rhubarb,"File:1900 catalogue of Plant Seed Company - reliable vegetable, farm, and flower seeds (1900) (20371668768).jpg",No restrictions,"Plant Seed Company;

Henry G. Gilbert Nursery and Seed Trade Catalog Collection",https://upload.wikimedia.org/wikipedia/commons/9/9b/1900_catalogue_of_Plant_Seed_Company_-_reliable_vegetable%2C_farm%2C_and_flower_seeds_%281900%29_%2820371668768%29.jpg
crop_asparagus,Asparagus,File:Asparagus-Bundle.jpg,CC BY-SA 3.0,Evan-Amos,https://upload.wikimedia.org/wikipedia/commons/3/3d/Asparagus-Bundle.jpg
crop_globe_artichoke,Globe artichoke,File:Artichoke ready to cook.jpg,CC BY-SA 3.0,Keagiles,https://upload.wikimedia.org/wikipedia/commons/b/bd/Artichoke_ready_to_cook.jpg
crop_ginger,Ginger,File:Farmers of forty centuries - Fields of ginger just planted.jpg,Public domain,Unknown photographerUnknown photographer,https://upload.wikimedia.org/wikipedia/commons/4/41/Farmers_of_forty_centuries_-_Fields_of_ginger_just_planted.jpg
crop_turmeric,Turmeric,File:Onion and turmeric plant. jpg.jpg,CC BY-SA 4.0,Sankar. Ofc,https://upload.wikimedia.org/wikipedia/commons/6/63/Onion_and_turmeric_plant._jpg.jpg
crop_coffee_arabica,Coffee arabica,File:My garden plants.jpg,CC BY-SA 4.0,Kaweesaesther,https://upload.wikimedia.org/wikipedia/commons/e/e0/My_garden_plants.jpg
crop_redcurrant,Redcurrant,File:Montmartre vineyard 2012-10-09 n1.jpg,CC BY 2.0,Son of Groucho from Scotland,https://upload.wikimedia.org/wikipedia/commons/3/31/Montmartre_vineyard_2012-10-09_n1.jpg
crop_cranberry,Cranberry,"File:High grade vegetable and flower and seeds - bulbs, plants and implements (1902) (20379482550).jpg",No restrictions,"Stumpp &amp; Walter Co. (New York, N.Y.);

Henry G. Gilbert Nursery and Seed Trade Catalog Collection",https://upload.wikimedia.org/wikipedia/commons/8/8d/High_grade_vegetable_and_flower_and_seeds_-_bulbs%2C_plants_and_implements_%281902%29_%2820379482550%29.jpg
crop_dragon_fruit,Dragon fruit,"File:Funchal (Madeira, Portugal), Mercado dos Lavradores -- 2025 -- 0964.jpg",CC BY-SA 4.0,Dietmar Rabich,https://upload.wikimedia.org/wikipedia/commons/2/29/Funchal_%28Madeira%2C_Portugal%29%2C_Mercado_dos_Lavradores_--_2025_--_0964.jpg
crop_pineapple,Pineapple,"File:PINEAPPLE FIELDS. ABOUT ONE THIRD OF MOLOKAI'S RESIDENTS ARE CONNECTED WITH PINEAPPLE PRODUCTION, BUT PLANTING WILL... - NARA - 554029.jpg",Public domain,Charles O'Rear,https://upload.wikimedia.org/wikipedia/commons/3/34/PINEAPPLE_FIELDS._ABOUT_ONE_THIRD_OF_MOLOKAI%27S_RESIDENTS_ARE_CONNECTED_WITH_PINEAPPLE_PRODUCTION%2C_BUT_PLANTING_WILL..._-_NARA_-_554029.jpg
pest_aphid_damage,Aphid (damage),File:Aphid Vectors.jpg,Public domain,Robert Evans Snodgrass,https://upload.wikimedia.org/wikipedia/commons/d/d1/Aphid_Vectors.jpg
disease_powdery_mildew,Powdery mildew,File:Powdery mildew and Fungal Disease.jpg,CC BY 4.0,AmayoErvin,https://upload.wikimedia.org/wikipedia/commons/a/a5/Powdery_mildew_and_Fungal_Disease.jpg
disease_damping_off,Damping off,File:Damping-off in forest nurseries (1921) (20821720002).jpg,No restrictions,"Hartley, Carl (Carl Pierce), 1887-",https://upload.wikimedia.org/wikipedia/commons/2/2c/Damping-off_in_forest_nurseries_%281921%29_%2820821720002%29.jpg
disease_tomato_spotted_wilt_virus_tswv,Tomato spotted wilt virus (TSWV),File:Tomato spotted wilt virus 5356805-PPT.png,CC BY 3.0,"William M. Brown Jr., Bugwood.org",https://upload.wikimedia.org/wikipedia/commons/4/4a/Tomato_spotted_wilt_virus_5356805-PPT.png
disease_blossom_end_rot,Blossom end rot,File:Blossom end rot.JPG,CC BY-SA 3.0,A13ean,https://upload.wikimedia.org/wikipedia/commons/2/2e/Blossom_end_rot.JPG
disease_clubroot,Clubroot,File:Knolvoet bij bloemkool (Plasmodiophora brassicae on cauliflower).jpg,CC BY-SA 3.0,Rasbak,https://upload.wikimedia.org/wikipedia/commons/7/72/Knolvoet_bij_bloemkool_%28Plasmodiophora_brassicae_on_cauliflower%29.jpg
crop_tomato,Tomato,File:Bright red tomato and cross section02.jpg,GFDL 1.2,"





	
		
		fir0002  flagstaffotos [at] gmail.com
		Canon 20D + Sigma 150mm f/2.8

		
                    
                         
                         
                         
                         
                         
                         
		
	

",https://upload.wikimedia.org/wikipedia/commons/8/88/Bright_red_tomato_and_cross_section02.jpg
crop_cape_gooseberry,Cape gooseberry,File:Physalis peruviana calix open close-up.jpg,CC BY-SA 4.0,"
Ivar Leidus",https://upload.wikimedia.org/wikipedia/commons/7/7b/Physalis_peruviana_calix_open_close-up.jpg
crop_rockmelon,Rockmelon,File:Canteloupe and cross section.jpg,GFDL 1.2,"





	
		
		fir0002  flagstaffotos [at] gmail.com
		Canon 20D + Sigma 150mm f/2.8

		
                    
                         
                         
                         
                         
                         
                         
		
	

",https://upload.wikimedia.org/wikipedia/commons/b/b1/Canteloupe_and_cross_section.jpg
crop_watermelon_small,Watermelon (small),File:Watermelon nursery.jpg,CC BY-SA 4.0,Ab PrinceGabol,https://upload.wikimedia.org/wikipedia/commons/f/fa/Watermelon_nursery.jpg
crop_honeydew_melon,Honeydew melon,File:Honeydew.jpg,Public domain,Yotoen,https://upload.wikimedia.org/wikipedia/commons/f/f5/Honeydew.jpg
crop_pumpkin_crown,Pumpkin (Crown),File:Pumpkin Curry Soup (20161021-AMS-LSC-9001).jpg,Public domain,USDAgov,https://upload.wikimedia.org/wikipedia/commons/0/04/Pumpkin_Curry_Soup_%2820161021-AMS-LSC-9001%29.jpg
crop_buttercup_squash,Buttercup squash,File:The flower and the bee; plant life and pollination (1918) (14592759450).jpg,No restrictions,Internet Archive Book Images,https://upload.wikimedia.org/wikipedia/commons/d/de/The_flower_and_the_bee%3B_plant_life_and_pollination_%281918%29_%2814592759450%29.jpg
crop_coriander,Coriander,File:Coriander Seeds.jpg,CC BY-SA 4.0,Sanjay Acharya,https://upload.wikimedia.org/wikipedia/commons/8/86/Coriander_Seeds.jpg
crop_parsley,Parsley,File:Petroselinum crispum 003.JPG,CC BY-SA 3.0,H. Zell,https://upload.wikimedia.org/wikipedia/commons/0/0b/Petroselinum_crispum_003.JPG
crop_chives,Chives,File:Allium schoenoprasum (Bieslook). actm.jpg,CC BY-SA 4.0,Agnes Monkelbaan,https://upload.wikimedia.org/wikipedia/commons/5/53/Allium_schoenoprasum_%28Bieslook%29._actm.jpg
crop_garlic_chives,Garlic chives,File:Allium schoenoprasum (Bieslook). actm.jpg,CC BY-SA 4.0,Agnes Monkelbaan,https://upload.wikimedia.org/wikipedia/commons/5/53/Allium_schoenoprasum_%28Bieslook%29._actm.jpg
crop_dill,Dill,File:Anethum graveolens20090812 475.jpg,CC BY-SA 3.0,Bff,https://upload.wikimedia.org/wikipedia/commons/c/c9/Anethum_graveolens20090812_475.jpg
crop_rosemary,Rosemary,File:Rosmarinus officinalis133095382.jpg,CC BY 2.0,THOR,https://upload.wikimedia.org/wikipedia/commons/5/5f/Rosmarinus_officinalis133095382.jpg
crop_lemon_balm,Lemon balm,File:Lemon balm plant in a pot 12.jpg,CC BY-SA 4.0,Netha Hussain,https://upload.wikimedia.org/wikipedia/commons/5/5d/Lemon_balm_plant_in_a_pot_12.jpg
crop_lemongrass,Lemongrass,File:YosriNov04Pokok Serai.JPG,CC BY 2.0,Unknown,https://upload.wikimedia.org/wikipedia/commons/b/bd/YosriNov04Pokok_Serai.JPG
crop_stevia,Stevia,"File:""Stevia"" plant.jpg",CC BY-SA 4.0,Jorge Auz Salazar,https://upload.wikimedia.org/wikipedia/commons/b/b3/%22Stevia%22_plant.jpg
crop_nz_spinach,NZ spinach,File:Starr-180505-3565-Schenkia sebaeoides-habit with Forest ilima and NZ spinach-Punalau-Maui (41669055930).jpg,CC BY 3.0 us,Forest and Kim Starr,https://upload.wikimedia.org/wikipedia/commons/a/ab/Starr-180505-3565-Schenkia_sebaeoides-habit_with_Forest_ilima_and_NZ_spinach-Punalau-Maui_%2841669055930%29.jpg
crop_rocket,Rocket,File:Eruca vesicaria BM010755249.jpg,CC0,Unknown authorUnknown author,https://upload.wikimedia.org/wikipedia/commons/3/3f/Eruca_vesicaria_BM010755249.jpg
crop_radicchio,Radicchio,File:Cicerbita alpina 2005.07.31 11.58.41.jpg,CC BY-SA 3.0,Michael Becker,https://upload.wikimedia.org/wikipedia/commons/9/9d/Cicerbita_alpina_2005.07.31_11.58.41.jpg
crop_watercress,Watercress,File:Watercress (2).JPG,CC BY 3.0,Masparasol,https://upload.wikimedia.org/wikipedia/commons/d/dd/Watercress_%282%29.JPG
crop_sorrel,Sorrel,File:Wood sorrel after rain.jpg,CC0,W.carter,https://upload.wikimedia.org/wikipedia/commons/0/0f/Wood_sorrel_after_rain.jpg
crop_corn_salad,Corn salad,File:Ackersalat02.jpg,CC BY-SA 3.0 de,Schwäbin,https://upload.wikimedia.org/wikipedia/commons/b/b3/Ackersalat02.jpg
crop_microgreens_mix,Microgreens (mix),File:Plant Progress at the PPA (KSC-20230417-PH-ILW01 0141).jpg,Public domain,NASA Kennedy Space Center / NASA/Isaac Watson,https://upload.wikimedia.org/wikipedia/commons/d/db/Plant_Progress_at_the_PPA_%28KSC-20230417-PH-ILW01_0141%29.jpg
crop_kale,Kale,File:Brassica oleracea var. sabellica 'Scarlet' 2019-04-06 02.jpg,CC BY-SA 4.0,"Agnieszka Kwiecień, Nova",https://upload.wikimedia.org/wikipedia/commons/0/0c/Brassica_oleracea_var._sabellica_%27Scarlet%27_2019-04-06_02.jpg
crop_chinese_cabbage,Chinese cabbage,File:Brassica rapa subsp. pekinensis 'Manoko' kz01.jpg,CC BY-SA 4.0,"Krzysztof Ziarnek, Kenraiz",https://upload.wikimedia.org/wikipedia/commons/6/69/Brassica_rapa_subsp._pekinensis_%27Manoko%27_kz01.jpg
crop_tatsoi,Tatsoi,File:塌棵菜 Brassica narinosa -香港花展 Hong Kong Flower Show- (26172039177).jpg,CC BY-SA 2.0,阿橋 HQ,https://upload.wikimedia.org/wikipedia/commons/d/db/%E5%A1%8C%E6%A3%B5%E8%8F%9C_Brassica_narinosa_-%E9%A6%99%E6%B8%AF%E8%8A%B1%E5%B1%95_Hong_Kong_Flower_Show-_%2826172039177%29.jpg
crop_kmara,Kūmara,File:Ipomoea batatas (Sweet Potato) Flower.jpg,CC BY-SA 3.0,Earth100,https://upload.wikimedia.org/wikipedia/commons/3/3f/Ipomoea_batatas_%28Sweet_Potato%29_Flower.jpg
crop_oca,Oca,File:OxalisTuberosa.jpg,CC BY-SA 3.0,Markus Leupold-Löwenthal,https://upload.wikimedia.org/wikipedia/commons/9/90/OxalisTuberosa.jpg
crop_horseradish,Horseradish,"File:,00 3773 Meerrettich (Armoracia rusticana).jpg",CC BY-SA 4.0,W. Bulach,https://upload.wikimedia.org/wikipedia/commons/1/1b/%2C00_3773_Meerrettich_%28Armoracia_rusticana%29.jpg
crop_elephant_garlic,Elephant garlic,File:Elephant Garlic (Allium ampeloprasum) 2.jpg,CC BY-SA 3.0,Dave Whitinger,https://upload.wikimedia.org/wikipedia/commons/a/a2/Elephant_Garlic_%28Allium_ampeloprasum%29_2.jpg
crop_sugar_snap_pea,Sugar snap pea,File:Sugar Snap Pea.JPG,CC BY-SA 3.0,Brianga,https://upload.wikimedia.org/wikipedia/commons/8/8a/Sugar_Snap_Pea.JPG
crop_edamame,Edamame,File:Liat Portal for Foodie Disorder - Edamame with Walnuts.jpg,CC BY-SA 4.0,HaJunkiyada,https://upload.wikimedia.org/wikipedia/commons/e/e3/Liat_Portal_for_Foodie_Disorder_-_Edamame_with_Walnuts.jpg
crop_sweetcorn,Sweetcorn,File:Zea mays 'morado' MHNT.BOT.2015.34.11.jpg,CC BY-SA 3.0,"
Roger Culos",https://upload.wikimedia.org/wikipedia/commons/e/eb/Zea_mays_%27morado%27_MHNT.BOT.2015.34.11.jpg
crop_strawberry,Strawberry,File:Garden strawberry (Fragaria × ananassa) single2.jpg,CC BY-SA 4.0,"
Ivar Leidus",https://upload.wikimedia.org/wikipedia/commons/4/4c/Garden_strawberry_%28Fragaria_%C3%97_ananassa%29_single2.jpg
crop_kaffir_lime,Kaffir lime,File:Citrus Thai lime-leaf - Flickr - peganum.jpg,CC BY-SA 2.0,"peganum from Small Dole, England",https://upload.wikimedia.org/wikipedia/commons/4/4b/Citrus_Thai_lime-leaf_-_Flickr_-_peganum.jpg
crop_kumquat_meiwa,Kumquat Meiwa,"File:Citrus japonica (Fortunella crassifolia) - Marie Selby Botanical Gardens - Sarasota, Florida - DSC01660.jpg",CC0,Daderot,https://upload.wikimedia.org/wikipedia/commons/7/74/Citrus_japonica_%28Fortunella_crassifolia%29_-_Marie_Selby_Botanical_Gardens_-_Sarasota%2C_Florida_-_DSC01660.jpg
crop_calamondin_orange,Calamondin orange,File:Citrofortunella microcarpa 3zz.jpg,CC BY-SA 4.0,Photo by David J. Stang,https://upload.wikimedia.org/wikipedia/commons/c/c3/Citrofortunella_microcarpa_3zz.jpg
crop_clementine_mandarin,Clementine mandarin,File:Clementines (01014)s.jpg,CC BY-SA 4.0,Rhododendrites,https://upload.wikimedia.org/wikipedia/commons/a/ad/Clementines_%2801014%29s.jpg
crop_yuzu,Yuzu,File:Yuzu oranges (6459456959).jpg,CC BY 2.0,Nikita from Russian Federation,https://upload.wikimedia.org/wikipedia/commons/a/a6/Yuzu_oranges_%286459456959%29.jpg
crop_fig_brown_turkey,Fig 'Brown Turkey',File:Starr-121108-1121-Ficus carica-Brown Turkey fruit-Pali o Waipio-Maui (24829122229).jpg,CC BY 3.0 us,Forest and Kim Starr,https://upload.wikimedia.org/wikipedia/commons/c/c5/Starr-121108-1121-Ficus_carica-Brown_Turkey_fruit-Pali_o_Waipio-Maui_%2824829122229%29.jpg
crop_apricot_garden_annie,Apricot 'Garden Annie',File:Farm and garden annual (16386867821).jpg,CC BY 2.0,A. Currie &amp; Company.; Henry G. Gilbert Nursery and Seed Trade Catalog Collection.,https://upload.wikimedia.org/wikipedia/commons/a/aa/Farm_and_garden_annual_%2816386867821%29.jpg
crop_mulberry_black_english,Mulberry 'Black English',File:Stamp of Albania - 1984 - Colnect 364193 - Black Mulberry Morus nigra.jpeg,Public domain,Post of Albania,https://upload.wikimedia.org/wikipedia/commons/c/c0/Stamp_of_Albania_-_1984_-_Colnect_364193_-_Black_Mulberry_Morus_nigra.jpeg
crop_olive_potted,Olive (potted),File:Fruiting olive pakistan.jpg,CC BY-SA 4.0,Olivepaktehi,https://upload.wikimedia.org/wikipedia/commons/1/16/Fruiting_olive_pakistan.jpg
crop_tamarillo,Tamarillo,File:Solanum betaceum-IMG 0242.jpg,CC BY-SA 3.0,C T Johansson,https://upload.wikimedia.org/wikipedia/commons/1/1f/Solanum_betaceum-IMG_0242.jpg
crop_dwarf_banana_cavendish,Dwarf banana 'Cavendish',File:Dwarf cavendish leaf.JPG,CC BY 2.5,Ben Clough,https://upload.wikimedia.org/wikipedia/commons/9/96/Dwarf_cavendish_leaf.JPG
crop_blackberry_thornless,Blackberry (thornless),"File:Rubus ulmifolius, flowers and buds, Vias, Hérault 01.jpg",CC BY-SA 4.0,"
Christian Ferrer",https://upload.wikimedia.org/wikipedia/commons/d/d9/Rubus_ulmifolius%2C_flowers_and_buds%2C_Vias%2C_H%C3%A9rault_01.jpg
crop_boysenberry,Boysenberry,File:Boysenberry.jpg,GFDL 1.2,Unknown,https://upload.wikimedia.org/wikipedia/commons/3/32/Boysenberry.jpg
crop_loganberry,Loganberry,File:Rubus loganobaccus.jpg,Public domain,Unknown,https://upload.wikimedia.org/wikipedia/commons/2/27/Rubus_loganobaccus.jpg
crop_gooseberry,Gooseberry,File:Stachelbeere (Ribes uva-crispa).jpg,CC BY-SA 2.5,Darkone,https://upload.wikimedia.org/wikipedia/commons/2/24/Stachelbeere_%28Ribes_uva-crispa%29.jpg
crop_blackcurrant,Blackcurrant,File:Cassis cornuta 01.jpg,CC BY-SA 3.0,H. Zell,https://upload.wikimedia.org/wikipedia/commons/1/18/Cassis_cornuta_01.jpg
crop_goji_berry,Goji berry,File:Medicine Hunter Chris Kilham with Goji Berry in China.jpg,CC BY-SA 3.0,Medicine Hunter,https://upload.wikimedia.org/wikipedia/commons/7/78/Medicine_Hunter_Chris_Kilham_with_Goji_Berry_in_China.jpg
pest_greenhouse_whitefly,Greenhouse whitefly,Greenhouse whitefly,Wikipedia image,Unknown,https://upload.wikimedia.org/wikipedia/commons/6/6f/HEMI_Aleyrodidae_Trialeurodes_vaporariorum.png
pest_aphid,Aphid,File:Lasius niger y Cinara tujafilina en Thuja orientalis.jpg,CC BY-SA 3.0,Carlos Delgado,https://upload.wikimedia.org/wikipedia/commons/8/88/Lasius_niger_y_Cinara_tujafilina_en_Thuja_orientalis.jpg
pest_western_flower_thrips,Western flower thrips,Western flower thrips,Wikipedia image,Unknown,https://upload.wikimedia.org/wikipedia/commons/8/8c/Frankliniella_occidentalis_5364132-LGPT.jpg
pest_fungus_gnats,Fungus gnats,File:Fungus gnat (6917082337).jpg,CC BY-SA 2.0,Andy Murray,https://upload.wikimedia.org/wikipedia/commons/3/30/Fungus_gnat_%286917082337%29.jpg
pest_caterpillars,Caterpillars,File:Arctiidae caterpillar.jpg,GFDL 1.2,Muhammad Mahdi Karim,https://upload.wikimedia.org/wikipedia/commons/3/33/Arctiidae_caterpillar.jpg
pest_mealybug,Mealybug,File:Mealybug on blue background.jpg,CC BY-SA 3.0,Devastator,https://upload.wikimedia.org/wikipedia/commons/3/39/Mealybug_on_blue_background.jpg
pest_slugs_and_snails,Slugs and snails,File:Applying molluscicide.jpg,Public domain,"Jonathan House, USDA ARS",https://upload.wikimedia.org/wikipedia/commons/7/72/Applying_molluscicide.jpg
pest_scale_insects,Scale insects,File:Scale insects on Sansevieria.jpg,CC BY-SA 3.0,Mokkie,https://upload.wikimedia.org/wikipedia/commons/2/21/Scale_insects_on_Sansevieria.jpg
pest_greenhouse_whitefly_damage,Greenhouse whitefly (damage),Greenhouse whitefly,Wikipedia image,Unknown,https://upload.wikimedia.org/wikipedia/commons/6/6f/HEMI_Aleyrodidae_Trialeurodes_vaporariorum.png
pest_western_flower_thrips_damage,Western flower thrips (damage),Western flower thrips,Wikipedia image,Unknown,https://upload.wikimedia.org/wikipedia/commons/8/8c/Frankliniella_occidentalis_5364132-LGPT.jpg
pest_fungus_gnats_damage,Fungus gnats (damage),File:Fungus gnat (6917082337).jpg,CC BY-SA 2.0,Andy Murray,https://upload.wikimedia.org/wikipedia/commons/3/30/Fungus_gnat_%286917082337%29.jpg
pest_caterpillars_damage,Caterpillars (damage),File:Arctiidae caterpillar.jpg,GFDL 1.2,Muhammad Mahdi Karim,https://upload.wikimedia.org/wikipedia/commons/3/33/Arctiidae_caterpillar.jpg
pest_mealybug_damage,Mealybug (damage),File:Mealybug on blue background.jpg,CC BY-SA 3.0,Devastator,https://upload.wikimedia.org/wikipedia/commons/3/39/Mealybug_on_blue_background.jpg
pest_slugs_and_snails_damage,Slugs and snails (damage),File:Applying molluscicide.jpg,Public domain,"Jonathan House, USDA ARS",https://upload.wikimedia.org/wikipedia/commons/7/72/Applying_molluscicide.jpg
pest_scale_insects_damage,Scale insects (damage),File:Scale insects on Sansevieria.jpg,CC BY-SA 3.0,Mokkie,https://upload.wikimedia.org/wikipedia/commons/2/21/Scale_insects_on_Sansevieria.jpg
disease_botrytis_grey_mould,Botrytis (grey mould),File:Fleece lined - Flickr - peganum.jpg,CC BY-SA 2.0,"peganum from Small Dole, England",https://upload.wikimedia.org/wikipedia/commons/1/17/Fleece_lined_-_Flickr_-_peganum.jpg
disease_tomato_late_blight,Tomato late blight,File:Late blight heavy on one plant (7871760054).jpg,CC BY 2.0,"Dwight Sipler from Stow, MA, USA",https://upload.wikimedia.org/wikipedia/commons/0/08/Late_blight_heavy_on_one_plant_%287871760054%29.jpg
